Series Name,Series Code,Country Name,Country Code,1990 [YR1990],2000 [YR2000],2011 [YR2011],2012 [YR2012],2013 [YR2013],2014 [YR2014],2015 [YR2015],2016 [YR2016],2017 [YR2017],2018 [YR2018],2019 [YR2019],2020 [YR2020]
GDP per capita (current US$),NY.GDP.PCAP.CD,Afghanistan,AFG,..,..,591.162759035926,641.871479157539,637.165523187024,613.856689167623,578.466352941708,547.228110150363,556.30200240406,524.162880925404,502.115486913067,..
GDP per capita (current US$),NY.GDP.PCAP.CD,Albania,ALB,617.230435515505,1126.68331762741,4437.14288515077,4247.62998374252,4413.06086120676,4578.6319939825,3952.80121524465,4124.05572595352,4531.02080555986,5284.38018438156,5352.85741103671,..
GDP per capita (current US$),NY.GDP.PCAP.CD,Algeria,DZA,2408.68881482248,1764.97382982785,5455.85352874953,5592.25709916356,5499.58148704572,5493.02558996263,4177.89251546889,3946.44397689835,4044.27660039876,4114.71506136896,3948.34327892571,..
GDP per capita (current US$),NY.GDP.PCAP.CD,American Samoa,ASM,..,..,10294.3022651052,11568.7930012395,11505.3937142139,11507.2323493037,11843.3311832581,11696.9555623329,10823.4448040273,11466.6907058505,..,..
GDP per capita (current US$),NY.GDP.PCAP.CD,Andorra,AND,18878.5059692988,21854.2468030614,43335.3288618283,38686.4612635075,39538.7667220426,41303.9293714464,35762.523073758,37474.6654057245,38962.8803536703,41793.0552583729,40886.3911648431,..
GDP per capita (current US$),NY.GDP.PCAP.CD,Angola,AGO,947.704182085371,556.836318086553,4615.46802807906,5100.09580809767,5254.88233799616,5408.41049555432,4166.97968386501,3506.07288506966,4095.81294155857,3289.64666408633,2973.59115979868,..
GDP per capita (current US$),NY.GDP.PCAP.CD,Antigua and Barbuda,ATG,7348.21294282384,10920.8426880891,12746.2050243357,13272.4413293826,12909.7441775006,13501.5809223367,14286.0931598293,15197.6174551735,15383.4151884998,16726.9808079479,17790.309306815,..
GDP per capita (current US$),NY.GDP.PCAP.CD,Argentina,ARG,4333.48297312146,7708.10099605414,12848.8641969705,13082.664325572,13080.2547323367,12334.7982453893,13789.060424772,12790.2424732447,14591.8633810541,11683.9496216363,10006.1489736082,..
GDP per capita (current US$),NY.GDP.PCAP.CD,Armenia,ARM,637.854659491342,622.742139063498,3525.80474671153,3681.8574560431,3838.18580148382,3986.23162376713,3607.29669672271,3591.82927553023,3914.5012684128,4220.49027671249,4622.73349328671,..
GDP per capita (current US$),NY.GDP.PCAP.CD,Aruba,ABW,12307.3117378314,20620.7006259175,24985.9932813737,24713.6980451285,26189.4355088129,26647.938100985,27980.8806952751,28281.35048163,29007.6930034887,..,..,..
GDP per capita (current US$),NY.GDP.PCAP.CD,Australia,AUS,18211.2745901556,21679.2478424147,62517.8337471503,68012.1479005934,68150.1070413215,62510.7911705641,56755.7217124249,49971.131456129,54066.4712686117,57395.9194663167,54907.1019101424,..
GDP per capita (current US$),NY.GDP.PCAP.CD,Austria,AUT,21680.9896863626,24564.4582948404,51374.9584066934,48567.69528642,50716.7087062864,51717.4959405515,44178.0473777432,45237.8050921543,47549.0790402349,51525.0464342791,50277.2750874213,..
GDP per capita (current US$),NY.GDP.PCAP.CD,Azerbaijan,AZE,1237.324491677,655.097432602586,7189.69122920765,7496.29464768263,7875.75695254288,7891.31314749986,5500.31038244408,3880.73873089556,4147.08971569171,4739.84171028393,4793.58701966989,..
GDP per capita (current US$),NY.GDP.PCAP.CD,"Bahamas, The",BHS,12356.4238963715,27097.6108115725,28006.3797183913,29485.6209294138,28768.0298936727,29445.030528852,31405.9635601781,31588.8349989813,31827.2426989661,32217.871590084,32933.4860147581,..
GDP per capita (current US$),NY.GDP.PCAP.CD,Bahrain,BHR,8528.98333446095,13636.3962320368,22514.2379458146,23654.3513912828,24744.296958551,24989.4001204704,22688.9443998144,22619.1166718849,23709.430467983,23991.05667694,23503.977126673,..
GDP per capita (current US$),NY.GDP.PCAP.CD,Bangladesh,BGD,306.268703808998,418.068968311378,861.758444349051,883.105000541313,981.839879150399,1118.8536634927,1248.45339778371,1401.62046644588,1563.91385693051,1698.35039428122,1855.73982408046,..
GDP per capita (current US$),NY.GDP.PCAP.CD,Barbados,BRB,7711.2067988566,11268.2540559453,16458.3532105715,16249.5593937258,16451.1635759912,16489.0722373387,16525.0732500596,16900.166552366,17391.4258663397,17745.1934649963,18148.2449264001,..
GDP per capita (current US$),NY.GDP.PCAP.CD,Belarus,BLR,2124.84051428011,1276.2880341,6519.23019498892,6940.15925359735,7978.87261471076,8318.51268992675,5949.10630699748,5022.62664330491,5761.74712023007,6330.0752464187,6663.29529282582,..
GDP per capita (current US$),NY.GDP.PCAP.CD,Belgium,BEL,20600.3752547608,23041.5347290428,47348.5250202016,44673.1158755901,46744.6625441516,47700.5403601178,40991.8081381432,41998.335750239,44288.5080403124,47491.3232594693,46116.69923368,..
GDP per capita (current US$),NY.GDP.PCAP.CD,Belize,BLZ,2197.18502331181,3364.33293572974,4423.48979672175,4505.62130177515,4568.50295763852,4705.60268956266,4775.95564827821,4818.40390879479,4887.5772083381,4884.7341615523,4815.1637107951,..
GDP per capita (current US$),NY.GDP.PCAP.CD,Benin,BEN,393.686214423531,511.40022696311,1130.27313181143,1145.14081099947,1251.21051783537,1291.40980818577,1076.79771601166,1087.28783152256,1136.59284704681,1240.82946441954,1219.43267185875,..
GDP per capita (current US$),NY.GDP.PCAP.CD,Bermuda,BMU,26841.5197383946,56284.1686478094,85973.158416455,85458.455507886,85748.0654143782,..,..,..,..,..,..,..
GDP per capita (current US$),NY.GDP.PCAP.CD,Bhutan,BTN,564.77960950252,718.187830716068,2563.2575266012,2538.94590031276,2472.71430857435,2652.21458893197,2752.66420790266,2930.56298891838,3286.57470287488,3243.23112593497,..,..
GDP per capita (current US$),NY.GDP.PCAP.CD,Bolivia,BOL,709.05967248876,997.582459886835,2346.33717022581,2609.88081915425,2908.20008548078,3081.87883446506,3035.97221489277,3076.6589493424,3351.12403975607,3548.59015254032,3552.0687621416,..
GDP per capita (current US$),NY.GDP.PCAP.CD,Bosnia and Herzegovina,BIH,..,1467.77647716048,5092.55194328895,4778.63608845506,5131.39450642932,5329.63504488766,4727.27754622207,4994.68314045091,5394.59122017677,6072.18099160639,6073.26520283208,..
GDP per capita (current US$),NY.GDP.PCAP.CD,Botswana,BWA,2945.83203953801,3522.30867806396,7617.32509421648,7070.37655030163,7224.96517150786,7780.63838460394,6799.87523352768,7243.85299726842,7893.21010771116,8279.60136473398,7961.33814014048,..
GDP per capita (current US$),NY.GDP.PCAP.CD,Brazil,BRA,3100.28046842987,3749.75324996168,13245.6124995448,12370.0242007149,12300.3248822758,12112.5882059697,8814.00098681261,8710.09668954121,9925.38623770041,9001.23424863499,8717.18627810819,..
GDP per capita (current US$),NY.GDP.PCAP.CD,British Virgin Islands,VGB,..,..,..,..,..,..,..,..,..,..,..,..
GDP per capita (current US$),NY.GDP.PCAP.CD,Brunei Darussalam,BRN,13607.5220957631,18012.5562597047,47055.8411171808,47740.5149015856,44740.085018517,41726.7839720342,31164.5620291141,27157.8234104784,28572.1467776509,31628.3287914349,31086.7510792939,..
GDP per capita (current US$),NY.GDP.PCAP.CD,Bulgaria,BGR,2366.52982128614,1621.24296080247,7806.34865242499,7393.1891769154,7651.8178806676,7874.26090425646,7053.60370638709,7545.79033249799,8331.0580246026,9423.5586115666,9737.60135083347,..
GDP per capita (current US$),NY.GDP.PCAP.CD,Burkina Faso,BFA,351.979322852536,254.71752910271,751.172957247699,758.000701423857,787.47017629755,792.846778432074,653.32697954543,687.670174974205,738.274158940081,820.160793810547,774.8396902346,..
GDP per capita (current US$),NY.GDP.PCAP.CD,Burundi,BDI,208.146755438253,136.46397080034,249.577979366801,252.358979858344,256.976002796754,274.857947913846,305.549772797441,282.193130404814,292.997630684415,271.752044376648,261.247472515742,..
GDP per capita (current US$),NY.GDP.PCAP.CD,Cabo Verde,CPV,908.0961895607,1259.32365602588,3740.38909850629,3447.5240412173,3615.97904131099,3588.6740539538,3043.01398430098,3130.96338461412,3292.6457550859,3617.32748829173,3603.7817936777,..
GDP per capita (current US$),NY.GDP.PCAP.CD,Cambodia,KHM,..,302.577163565133,882.275492640073,950.880345993697,1013.4204006154,1093.49619050796,1162.90491997151,1269.59125737542,1385.2599796333,1512.12670972847,1643.12138876475,..
GDP per capita (current US$),NY.GDP.PCAP.CD,Cameroon,CMR,946.646413060374,649.991845405048,1405.09439231907,1354.54561274707,1465.63884316769,1542.62026621531,1327.50301711492,1364.33011041997,1425.10781805334,1534.49127445052,1497.90917560296,..
GDP per capita (current US$),NY.GDP.PCAP.CD,Canada,CAN,21448.3619600057,24190.2496150045,52087.446383568,52678.3901234772,52652.5936828278,50893.4467137547,43585.5119817751,42322.4847803038,45148.5527061655,46313.1713712961,46194.7252255167,..
GDP per capita (current US$),NY.GDP.PCAP.CD,Cayman Islands,CYM,..,..,72328.411640906,72783.320437604,73515.8953177856,74990.4332223775,76280.4862528245,78296.0999272332,81124.5134794821,85477.2870130687,..,..
GDP per capita (current US$),NY.GDP.PCAP.CD,Central African Republic,CAF,513.305284957779,251.206877406698,551.750096552583,565.800696971217,380.298167643018,424.448751343631,377.423001679447,402.191290596004,450.900244979058,475.953609871945,467.907440636335,..
GDP per capita (current US$),NY.GDP.PCAP.CD,Chad,TCD,291.553259539311,165.762986567833,984.735891490329,967.352797482929,979.812409638156,1020.28820350586,776.019532308037,693.449386475774,665.94835269506,726.149881109447,709.540310138533,..
GDP per capita (current US$),NY.GDP.PCAP.CD,Channel Islands,CHI,..,43381.6578397785,..,..,..,..,..,..,..,..,..,..
GDP per capita (current US$),NY.GDP.PCAP.CD,Chile,CHL,2494.52566886254,5074.90162375009,14637.2402355403,15351.5513257697,15842.9408052125,14670.996760602,13574.171830724,13753.5944374598,14999.3700885512,15924.7942393064,14896.4538665789,..
GDP per capita (current US$),NY.GDP.PCAP.CD,China,CHN,317.884673040928,959.372483639691,5618.13249134962,6316.91886335683,7050.64591988963,7678.599431661,8066.94242356745,8147.9381477822,8879.43814888506,9976.67682180773,10261.6791283744,..
GDP per capita (current US$),NY.GDP.PCAP.CD,Colombia,COL,1445.32836826111,2520.48089795902,7335.11050963648,8050.05841420756,8218.03399561565,8114.08406910545,6175.87613151279,5871.2235753589,6377.85136303665,6718.58532391314,6432.38758339551,..
GDP per capita (current US$),NY.GDP.PCAP.CD,Comoros,COM,1043.8008030813,645.818690802056,1447.96358713476,1403.34861983706,1505.34947313614,1513.8303792438,1242.6031895579,1273.05895265459,1323.81158996501,1415.95531263535,1393.52237156461,..
GDP per capita (current US$),NY.GDP.PCAP.CD,"Congo, Dem. Rep.",COD,270.13054337708,405.21625299166,387.082465361488,424.600386118518,457.96372825635,486.787081921552,497.316960805476,471.318840409572,467.07423746489,557.064418324276,545.216212311342,..
GDP per capita (current US$),NY.GDP.PCAP.CD,"Congo, Rep.",COG,1187.55128407722,1029.57703685039,3286.69453468035,3032.49388349185,3047.93077321007,2996.91802578845,1762.03201773797,1815.29584294039,1767.89452055028,2223.85447919587,2011.07239887663,..
GDP per capita (current US$),NY.GDP.PCAP.CD,Costa Rica,CRI,1831.00191180894,3772.87001153149,9121.93251763187,9913.20995852366,10490.0813312933,10547.1518593556,11299.1355423011,11666.4559107759,11814.6265687665,12112.1344206452,12238.3749643984,..
GDP per capita (current US$),NY.GDP.PCAP.CD,Cote d'Ivoire,CIV,905.321715851216,651.305906791064,1208.58302649782,1243.2734867584,1415.87175770634,1561.46365461434,1972.54610769746,2013.38246179891,2111.02707557541,2302.61295091153,2286.162776855,..
GDP per capita (current US$),NY.GDP.PCAP.CD,Croatia,HRV,..,4849.53422325482,14566.6384689953,13238.1019332831,13642.1936643621,13600.194390748,11782.8990799829,12360.4838164919,13412.3382902297,14920.1913831924,14853.2398374635,..
GDP per capita (current US$),NY.GDP.PCAP.CD,Cuba,CUB,2703.16803909913,2747.09857519438,6139.71932965905,6497.32111313561,6837.71289192677,7133.34209494342,7694.0119195241,8060.79588647979,8541.2106734664,8821.81889125004,..,..
GDP per capita (current US$),NY.GDP.PCAP.CD,Curacao,CUW,..,..,20146.3864122001,20587.397358013,20462.7179539813,20258.0096948833,19951.3279030441,19555.3658492891,19457.5315232205,19573.892645136,..,..
GDP per capita (current US$),NY.GDP.PCAP.CD,Cyprus,CYP,9641.57527301293,14388.3480609917,32396.3857437121,28912.1569390403,27729.1926990735,27129.6261211298,23333.7149112129,24532.5190588269,26338.6943443136,28689.7067225792,27858.3709958327,..
GDP per capita (current US$),NY.GDP.PCAP.CD,Czech Republic,CZE,3917.15984010204,6011.61522035701,21717.4579392202,19729.8705111763,19916.0193873722,19744.5586092159,17715.6168523009,18463.3865756564,20379.8960396417,23046.9491261402,23101.7777049854,..
GDP per capita (current US$),NY.GDP.PCAP.CD,Denmark,DNK,26891.4464489571,30743.5476816354,61753.647131977,58507.5080517852,61191.1937042028,62548.9847332908,53254.8560039631,54663.9983719195,57141.0598350414,61390.6930097009,59822.0929608968,..
GDP per capita (current US$),NY.GDP.PCAP.CD,Djibouti,DJI,766.1409545474,768.17607674712,1451.54297984389,1559.24065068226,2312.72880330353,2464.32784119361,2658.97875260181,2802.19705115707,2914.38385631251,3141.88921873893,3408.84625440838,..
GDP per capita (current US$),NY.GDP.PCAP.CD,Dominica,DMA,2860.4315596643,4787.78017069474,7065.06184677542,6848.3942266793,7016.67647144723,7318.10378289945,7596.43506226258,8080.96862341186,7274.72133332918,7691.34509727878,8300.37507427213,..
GDP per capita (current US$),NY.GDP.PCAP.CD,Dominican Republic,DOM,991.614424124905,2869.10586072527,5913.43207224236,6110.36965247193,6238.13360822241,6608.82810187508,6921.5172283795,7280.88010922762,7609.33879943715,8050.63044027449,8282.1162218645,..
GDP per capita (current US$),NY.GDP.PCAP.CD,Ecuador,ECU,1489.52950926574,1445.27932442901,5200.55579014874,5682.04500655353,6056.3308269681,6377.09153014217,6124.49164262072,6060.09332904415,6213.50127649921,6295.93539868079,6183.82382482173,..
GDP per capita (current US$),NY.GDP.PCAP.CD,"Egypt, Arab Rep.",EGY,765.642046377923,1450.47624243298,2791.95496186249,3232.64889178794,3264.37878715277,3378.83135785555,3598.9709482021,3525.02016450058,2440.51017311107,2549.13225178609,3020.03134971543,..
GDP per capita (current US$),NY.GDP.PCAP.CD,El Salvador,SLV,914.130927454167,2001.53800924467,3266.04587535311,3428.38473639383,3509.53149262616,3589.04219262897,3705.57794598177,3805.99366628473,3910.25719295906,4067.65944881154,4187.2500311069,..
GDP per capita (current US$),NY.GDP.PCAP.CD,Equatorial Guinea,GNQ,267.468072913182,1725.55473767524,21641.8705192127,21711.1532298542,20390.7193153023,19394.0299929972,11283.46560612,9250.33195308226,9667.91225173046,10144.1958108456,8131.92388810912,..
GDP per capita (current US$),NY.GDP.PCAP.CD,Eritrea,ERI,..,308.13378356477,642.507659063694,..,..,..,..,..,..,..,..,..
GDP per capita (current US$),NY.GDP.PCAP.CD,Estonia,EST,..,4075.97063851071,17621.5474392795,17534.4215441923,19174.100729108,20367.1026566799,17522.230186252,18237.2958432683,20388.2095530338,23258.4675814303,23659.8722900339,..
GDP per capita (current US$),NY.GDP.PCAP.CD,Eswatini,SWZ,1355.39394489604,1728.70533953017,4496.60037883323,4527.66898764161,4230.3440556779,4038.55722839918,3689.51870561216,3447.695698505,3953.08896824132,4145.97411002514,3837.02699384472,..
GDP per capita (current US$),NY.GDP.PCAP.CD,Ethiopia,ETH,254.243256893683,124.460800271762,354.479575841347,467.077927241718,499.531572059907,566.926466461984,640.541891313682,717.124592933285,768.522307579386,771.523813864476,857.501351042922,..
GDP per capita (current US$),NY.GDP.PCAP.CD,Faroe Islands,FRO,..,22653.3160466352,52083.8891448364,49459.7172338372,54853.6255967876,59440.0307606004,52404.6593331379,55822.9147203438,58622.840815806,..,..,..
GDP per capita (current US$),NY.GDP.PCAP.CD,Fiji,FJI,1835.12809591767,2076.56878431649,4371.45751012411,4591.55578402956,4840.69371615802,5605.57033080847,5390.74523711745,5651.31806630066,6101.03084255946,6266.96795881419,6220.04642089247,..
GDP per capita (current US$),NY.GDP.PCAP.CD,Finland,FIN,28364.6450765922,24285.4668205162,51081.9976703127,47710.7902169415,49878.0432444536,50260.2998588958,42784.6983616432,43784.2839622098,46316.7454588326,50021.2910567702,48685.8539866945,..
GDP per capita (current US$),NY.GDP.PCAP.CD,France,FRA,21793.8426479832,22364.0293943406,43790.7320482019,40874.7035053457,42592.9340943342,43011.2631028417,36638.184929157,37037.3741861219,38812.1610341682,41631.0907389044,40493.9285720456,..
GDP per capita (current US$),NY.GDP.PCAP.CD,French Polynesia,PYF,15913.5904795552,14323.820820245,..,..,..,..,..,..,..,..,..,..
GDP per capita (current US$),NY.GDP.PCAP.CD,Gabon,GAB,6268.95101975453,4125.71666351713,10809.6464505909,9813.4777028244,9683.57629028674,9663.42923977641,7384.71587003183,6984.45101873395,7230.39639268426,7956.62781558686,7667.36686126914,..
GDP per capita (current US$),NY.GDP.PCAP.CD,"Gambia, The",GMB,331.818434756804,594.151642988667,762.761054131159,742.781137796627,700.514971960668,607.428404115004,649.510829417793,683.997653898689,676.655924552125,712.512371079256,751.294688388742,..
GDP per capita (current US$),NY.GDP.PCAP.CD,Georgia,GEO,1614.6401223992,749.908523611591,4021.74330617286,4421.81824228013,4623.74572473419,4739.18833846421,4014.18594419329,4062.16988757379,4357.00093554628,4722.78778321766,4769.18654326351,..
GDP per capita (current US$),NY.GDP.PCAP.CD,Germany,DEU,22303.9613327585,23635.9292203977,46644.776027968,43858.3630551076,46285.7640688407,47959.9932737599,41139.5445685533,42098.9204453545,44349.5896552757,47639.0034407122,46258.8782897052,..
GDP per capita (current US$),NY.GDP.PCAP.CD,Ghana,GHA,398.637000137952,258.47095948786,1549.46290192946,1587.56123719997,2345.39290574885,1971.03334675411,1743.8509964087,1931.38947036943,2025.93242386751,2202.31216442504,2202.11556738065,..
GDP per capita (current US$),NY.GDP.PCAP.CD,Gibraltar,GIB,..,..,..,..,..,..,..,..,..,..,..,..
GDP per capita (current US$),NY.GDP.PCAP.CD,Greece,GRC,9600.18512965969,12042.9537310995,25916.2935289351,22242.681934771,21874.8195041667,21760.9797994918,18167.7737169162,18116.4596223336,18930.2185856433,20324.3050137875,19582.5360108329,..
GDP per capita (current US$),NY.GDP.PCAP.CD,Greenland,GRL,18326.8051234609,19004.1072910304,47186.9814680048,45936.7659516989,47535.5899453685,50484.9275739023,44536.4013080999,48181.874188064,50321.3687543442,54470.9563864255,..,..
GDP per capita (current US$),NY.GDP.PCAP.CD,Grenada,GRD,2886.90829497216,5057.17396526767,7291.05889664338,7444.5047675973,7789.77638079977,8369.88675513221,9096.87064595412,9628.34748662013,10152.8328118872,10485.9071571796,10965.5131592044,..
GDP per capita (current US$),NY.GDP.PCAP.CD,Guam,GUM,..,..,30859.4043533803,32494.5623640591,33265.3811866066,34394.0974809957,35278.9259389693,35562.8379083283,35615.8046274371,35712.5621350321,..,..
GDP per capita (current US$),NY.GDP.PCAP.CD,Guatemala,GTM,845.306962105181,1664.29895827045,3281.66750176033,3408.78491640236,3522.77369775434,3779.64232768084,3994.63691288475,4173.30166619474,4451.45098990197,4472.89236269013,4619.98709708493,..
GDP per capita (current US$),NY.GDP.PCAP.CD,Guinea,GIN,419.788629838451,363.482478999068,651.135363533047,717.050737885584,769.003943268326,787.23807021997,769.256013746016,732.96657072192,856.565269750468,983.309492239346,1064.13123736656,..
GDP per capita (current US$),NY.GDP.PCAP.CD,Guinea-Bissau,GNB,250.150467936055,308.144119293709,702.742880436386,616.411686249548,634.48244599306,622.481716725217,603.158512942404,661.007654906181,736.725566231783,777.969921786711,697.784402885715,..
GDP per capita (current US$),NY.GDP.PCAP.CD,Guyana,GUY,533.536205388525,954.404152491261,3425.43644063562,3788.14674878178,3934.86526171904,4031.60066245674,4166.12851559884,4542.62206666493,4586.05457171312,4979.00218839886,5468.35662903592,..
GDP per capita (current US$),NY.GDP.PCAP.CD,Haiti,HTI,439.944062994775,467.147558753214,744.217426799623,769.749380959249,815.820015229786,831.873948899917,815.728284410317,735.301770321704,765.727294324274,868.342024762787,754.58791774842,..
GDP per capita (current US$),NY.GDP.PCAP.CD,Honduras,HND,993.483052704469,1080.46212866245,2088.31530028695,2144.3426111782,2102.59316626494,2206.05193412773,2302.20137936204,2342.58465119568,2453.72789597457,2505.7767518956,2574.91219067443,..
GDP per capita (current US$),NY.GDP.PCAP.CD,"Hong Kong SAR, China",HKG,13485.5448929565,25756.6637783278,35142.4879344543,36730.8767001128,38403.7777145477,40315.2855640552,42431.8882817277,43731.1068245299,46165.8565115953,48542.887332961,48755.8350791287,..
GDP per capita (current US$),NY.GDP.PCAP.CD,Hungary,HUN,..,4624.28165670295,14150.9667263678,12918.2475205388,13687.246101281,14246.109801447,12651.5683423004,12992.375667515,14457.608763614,16150.7727613725,16475.7418389402,..
GDP per capita (current US$),NY.GDP.PCAP.CD,Iceland,ISL,25423.0720058482,32018.0636814331,47516.8746858993,45910.0205549899,49522.2365873909,54241.9346550193,52564.4291863302,61466.8039666276,71310.9392535086,72968.7042306678,66944.8255080349,..
GDP per capita (current US$),NY.GDP.PCAP.CD,India,IND,367.556609311203,443.31419339174,1458.10352686177,1443.87952939042,1449.6059123387,1573.88149211052,1605.60543355488,1732.56426178428,1981.6510498992,2005.86300452403,2104.14590003333,..
GDP per capita (current US$),NY.GDP.PCAP.CD,Indonesia,IDN,585.076549951004,780.190200986579,3643.04393616102,3694.34894603237,3623.91158235134,3491.62479085767,3331.69512758628,3562.84575641971,3837.65173121117,3893.84642475571,4135.56926281554,..
GDP per capita (current US$),NY.GDP.PCAP.CD,"Iran, Islamic Rep.",IRN,2214.32749205514,1670.00946997849,7781.40611374433,7927.84690171722,6018.32447332471,5585.52675758303,4904.32687747976,5253.42484259991,5520.31078932382,..,..,..
GDP per capita (current US$),NY.GDP.PCAP.CD,Iraq,IRQ,10326.9216621259,..,6045.49555071698,6836.0273134631,7076.55460775667,6818.8046210291,4989.80307473071,4776.72649939331,5205.28825481998,5834.16621076139,5955.10901036816,..
GDP per capita (current US$),NY.GDP.PCAP.CD,Ireland,IRL,14048.1062048571,26241.3646146973,51848.9097301621,48917.8975571766,51590.1884453629,55492.982676213,61995.4227789928,63197.0823744196,69822.3471789095,78621.2279552716,78660.9564629603,..
GDP per capita (current US$),NY.GDP.PCAP.CD,Isle of Man,IMN,..,20322.9461485526,77351.9588821432,76104.681367227,80431.6727965138,88974.2286497928,81606.2800333934,79155.541672096,80989.1722114502,..,..,..
GDP per capita (current US$),NY.GDP.PCAP.CD,Israel,ISR,12663.3636535479,21043.5749322433,33669.2464692884,32511.2378524925,36309.4688256886,37678.8897743182,35776.7951710172,37321.6240366845,40541.8620907084,41719.7254417057,43641.3977358108,..
GDP per capita (current US$),NY.GDP.PCAP.CD,Italy,ITA,20825.7842085848,20087.5919858794,38599.0622070322,35053.5262442572,35549.9746972954,35518.4152916749,30230.2263021296,30939.7142462298,32406.7203150134,34520.085162403,33189.5657988542,..
GDP per capita (current US$),NY.GDP.PCAP.CD,Jamaica,JAM,1897.68696278779,3384.69486090546,5111.471413428,5209.85193130013,4989.17139091154,4833.79031821405,4907.50371974316,4843.33847410864,5069.18383810726,5354.2368587703,5582.26377755211,..
GDP per capita (current US$),NY.GDP.PCAP.CD,Japan,JPN,25359.34702031,38532.0408752935,48167.9972684965,48603.4766497749,40454.4474578903,38109.4121125573,34524.4698609337,38761.8181501925,38386.5111457057,39159.4235633952,40246.8801284164,..
GDP per capita (current US$),NY.GDP.PCAP.CD,Jordan,JOR,1166.61027609729,1674.82526125655,3816.27925808967,3877.33934463778,3998.02747275799,4072.76547535039,4105.44896083238,4103.73359991068,4162.82068657256,4241.78878213854,4330.32934593257,..
GDP per capita (current US$),NY.GDP.PCAP.CD,Kazakhstan,KAZ,1647.46323090376,1229.00095844501,11634.0019047654,12386.7000029472,13890.6317716835,12807.2606866152,10510.7718884148,7714.84184376024,9247.58133129626,9812.60140498928,9731.14520688729,..
GDP per capita (current US$),NY.GDP.PCAP.CD,Kenya,KEN,361.328188915652,397.482658777519,971.63332904823,1136.87140571776,1210.38801408195,1315.80453537238,1336.88334885603,1410.52756809011,1572.33549593781,1707.98680529003,1816.5469164389,..
GDP per capita (current US$),NY.GDP.PCAP.CD,Kiribati,KIR,549.855506598051,796.888174759841,1735.01835782836,1788.50542068887,1715.76533141614,1642.76259749601,1542.5752495838,1584.80744578963,1640.50010436018,1698.25628626739,1655.07883905984,..
GDP per capita (current US$),NY.GDP.PCAP.CD,"Korea, Dem. People’s Rep.",PRK,..,..,..,..,..,..,..,..,..,..,..,..
GDP per capita (current US$),NY.GDP.PCAP.CD,"Korea, Rep.",KOR,6610.0365083067,12256.9935679503,25096.2638838239,25466.7605170594,27182.7343101935,29249.5752209742,28732.2310762599,29288.8704389833,31616.8434004683,33340.265151682,31761.9776923447,..
GDP per capita (current US$),NY.GDP.PCAP.CD,Kosovo,XKX,..,1087.76240120887,3741.87505207304,3596.80465465781,3891.26636343866,4080.33071724595,3603.02550073134,3780.00368867233,4045.61420880757,4419.91432698449,4417.50993975428,..
GDP per capita (current US$),NY.GDP.PCAP.CD,Kuwait,KWT,8794.63122894273,18440.3785212446,48631.691300679,51979.1051680637,49388.1374119381,44062.3170375209,29869.5293908248,27653.0667677649,29759.4364865575,33994.3819171507,32031.9801025988,..
GDP per capita (current US$),NY.GDP.PCAP.CD,Kyrgyz Republic,KGZ,609.172891237019,279.619569260939,1123.8831680627,1177.97473487848,1282.43716202467,1279.76978265986,1121.08283510739,1120.66651300848,1242.76964282023,1308.14016549619,1309.39299165512,..
GDP per capita (current US$),NY.GDP.PCAP.CD,Lao PDR,LAO,203.255969785383,325.186998225846,1378.36136494331,1581.39540349425,1825.66511330676,1998.33521471699,2134.71179567796,2308.80048220079,2423.8462031921,2542.4865281792,2534.89827724281,..
GDP per capita (current US$),NY.GDP.PCAP.CD,Latvia,LVA,..,3351.23070568401,13832.3911780536,13850.6428153434,15041.1744584981,15740.3267490719,13698.9379476476,14153.4149226916,15586.58189392,17805.2803143817,17836.3648865958,..
GDP per capita (current US$),NY.GDP.PCAP.CD,Lebanon,LBN,1012.64388071035,4491.63725889302,7674.83535037848,7950.69537825963,7931.08047584526,7686.25602996455,7644.54865718211,7629.89111711952,7801.17865807555,8024.80327081387,7784.31685692976,..
GDP per capita (current US$),NY.GDP.PCAP.CD,Lesotho,LSO,350.06083916752,436.488351988266,1308.69006593273,1253.69620212555,1193.71325665948,1223.33303163915,1152.13982724874,1043.56979182005,1150.07917252047,1221.88376312516,1157.53516433147,..
GDP per capita (current US$),NY.GDP.PCAP.CD,Liberia,LBR,..,306.832894733147,596.897081053795,657.936256349955,721.930055405248,721.182794835652,710.383857717515,714.623392230031,698.70176435511,677.322178545364,621.892953622715,..
GDP per capita (current US$),NY.GDP.PCAP.CD,Libya,LBY,6514.32150398511,7142.77445181509,5554.1791642315,13025.2813934413,10363.7894894551,6466.91027014384,4337.91913919348,4035.1943155047,5756.69844996569,7877.12225061884,7683.75061122959,..
GDP per capita (current US$),NY.GDP.PCAP.CD,Liechtenstein,LIE,49375.3252826544,74853.938729354,158156.599825792,149010.224898665,173058.317372602,178845.631017897,167290.939983907,165629.190482925,173356.051288416,..,..,..
GDP per capita (current US$),NY.GDP.PCAP.CD,Lithuania,LTU,..,3297.35470084107,14354.1883792953,14339.2878672896,15702.143059565,16548.4064052386,14249.1149666026,14999.4796391329,16882.6394711995,19080.6173717553,19455.4541266341,..
GDP per capita (current US$),NY.GDP.PCAP.CD,Luxembourg,LUX,34645.1432443401,48735.995492187,115761.507705096,106749.013622989,113625.13289956,118823.648368575,101376.496574339,104278.390971905,107627.151006695,116654.26106674,114704.594170863,..
GDP per capita (current US$),NY.GDP.PCAP.CD,"Macao SAR, China",MAC,9368.36863824419,15710.0869270706,66644.3853449773,76291.8474900231,89287.4540184115,93777.1067959425,75340.9869811152,74061.0860345658,81516.6749248075,87208.535912643,84096.3963112065,..
GDP per capita (current US$),NY.GDP.PCAP.CD,Madagascar,MDG,338.948121795874,293.607157402594,531.265571840383,518.15295430212,541.066199955123,530.861345678745,467.235399432808,475.955417183065,515.29272487784,527.501326141803,522.21980923047,..
GDP per capita (current US$),NY.GDP.PCAP.CD,Malawi,MWI,199.986342315353,156.385718599912,534.951264721663,391.561832360636,348.430269640572,371.269749625713,380.597033140938,315.777326372575,356.717573153369,381.258987601084,411.552340423602,..
GDP per capita (current US$),NY.GDP.PCAP.CD,Malaysia,MYS,2441.74199054895,4043.66205143391,10399.372753345,10817.4428742856,10970.1232849014,11319.0797572756,9955.24212653611,9817.74086096214,10254.2340242588,11373.2330025676,11414.8376618668,..
GDP per capita (current US$),NY.GDP.PCAP.CD,Maldives,MDV,963.841785800205,2234.57986558466,7291.42764039704,7265.61365556669,7928.45736514824,8499.36576172668,9033.3904129872,9209.28862477108,9540.63434888323,10330.615614094,10790.50023682,..
GDP per capita (current US$),NY.GDP.PCAP.CD,Mali,MLI,317.389306906928,269.871137691703,837.603440597371,778.619285773713,805.032838043922,848.302757966684,751.478668644525,780.387870004561,830.557408816505,900.110164506815,890.737285506382,..
GDP per capita (current US$),NY.GDP.PCAP.CD,Malta,MLT,7191.92360259617,10391.004315879,22858.5860907173,21916.4115923962,23837.279991256,26008.8277215807,24002.5232912389,25133.0456471795,27239.0701049375,30133.4661748731,29416.2306070084,..
GDP per capita (current US$),NY.GDP.PCAP.CD,Marshall Islands,MHL,1660.12988936134,2272.72279471164,3083.83187985353,3224.33838179029,3296.69816291405,3230.02326028787,3213.83728825363,3473.77500649519,3666.69537359193,3788.16359372058,..,..
GDP per capita (current US$),NY.GDP.PCAP.CD,Mauritania,MRT,740.736535389412,676.567658401327,1879.77142715638,1815.21942921145,1892.09548717758,1677.10816613189,1524.07288252212,1536.85414964338,1578.11417355949,1600.87646860561,1677.91925268633,..
GDP per capita (current US$),NY.GDP.PCAP.CD,Mauritius,MUS,2506.17931226708,3929.07549503364,9197.02697152061,9291.22761861899,9637.00265000958,10153.9382184867,9260.44730250635,9681.61856689674,10484.9083620411,11208.2273695738,11203.5405848607,..
GDP per capita (current US$),NY.GDP.PCAP.CD,Mexico,MEX,3112.26870598472,7157.81449985734,10203.4208543113,10241.7279153745,10725.1833166036,10922.3760488647,9605.95235103139,8739.75604280929,9278.41816833763,9673.44367360619,9863.0726988757,..
GDP per capita (current US$),NY.GDP.PCAP.CD,"Micronesia, Fed. Sts.",FSM,1528.54072128015,2171.95024301223,3009.19864668922,3131.38671463839,2994.67930442007,2971.45729017367,2906.37678497635,3014.70035839042,3289.70114571277,3568.291015625,..,..
GDP per capita (current US$),NY.GDP.PCAP.CD,Moldova,MDA,..,440.672030653269,2942.25594861529,3045.73987422417,3322.0384362615,3328.80144892125,2732.45711293733,2880.43928129296,3509.69345025814,4233.99955588135,4498.52085021233,..
GDP per capita (current US$),NY.GDP.PCAP.CD,Monaco,MCO,84289.5595438943,82367.9912769359,169020.88783177,157515.899069445,177664.115616089,189422.21876884,166011.50913116,170028.655717864,167517.059727856,185829.017960407,..,..
GDP per capita (current US$),NY.GDP.PCAP.CD,Mongolia,MNG,1172.4430658221,474.216896516578,3757.5586328813,4351.8869200565,4366.07590145025,4158.52571473091,3918.57917389554,3660.15074616061,3669.4175403988,4134.98719823511,4295.23502487944,..
GDP per capita (current US$),NY.GDP.PCAP.CD,Montenegro,MNE,..,1627.07263304394,7318.74469026724,6586.7212793222,7189.29328653737,7388.14779373126,6517.16375162528,7033.60489868635,7803.41113682269,8850.09273291116,8832.03683598629,..
GDP per capita (current US$),NY.GDP.PCAP.CD,Morocco,MAR,1206.01183797183,1334.94305104384,3046.94913644957,2912.65827494029,3121.68117550498,3171.69919227376,2875.25798516781,2896.72000268117,3036.32525487301,3222.20063433213,3204.09500313298,..
GDP per capita (current US$),NY.GDP.PCAP.CD,Mozambique,MOZ,..,313.568034141097,594.586466669704,657.645337819668,664.078211827767,673.969955508106,589.859028149831,428.926487995524,461.415094120589,498.957220208652,491.804723063735,..
GDP per capita (current US$),NY.GDP.PCAP.CD,Myanmar,MMR,..,190.606231910312,1176.24245336109,1165.79432896131,1162.33144011893,1251.82076450814,1287.43048657119,1266.54633814868,1291.54241301307,1418.17762347196,1407.81314341043,..
GDP per capita (current US$),NY.GDP.PCAP.CD,Namibia,NAM,1944.13762113919,2136.44024281489,5723.32549028316,5942.27378751117,5377.72732693011,5435.17191125163,4869.37840629792,4523.09126977999,5303.30913333229,5495.42883582824,4957.4580058497,..
GDP per capita (current US$),NY.GDP.PCAP.CD,Nauru,NRU,..,..,6568.10258231227,9429.63337725871,9101.91698033437,8829.35671886048,6956.25380055393,7670.11640425255,8510.86840824456,9762.38930182711,9396.98196681072,..
GDP per capita (current US$),NY.GDP.PCAP.CD,Nepal,NPL,191.878904234015,229.4902871214,699.429337677581,698.466479416086,715.923743046061,743.413381296219,792.552890593381,777.147595512165,911.444266521258,1038.65164702443,1071.05076056552,..
GDP per capita (current US$),NY.GDP.PCAP.CD,Netherlands,NLD,21290.8603827045,26149.41107829,54159.3466126142,50073.0056559308,52184.0618504931,52830.1742328055,45175.2318933798,46007.8529206547,48675.2223350213,53048.0962104394,52447.8314391911,..
GDP per capita (current US$),NY.GDP.PCAP.CD,New Caledonia,NCL,14800.0286943521,12579.5951055864,..,..,..,..,..,..,..,..,..,..
GDP per capita (current US$),NY.GDP.PCAP.CD,New Zealand,NZL,13663.0216184298,13641.1027183822,38437.543157275,39982.7543013783,42962.9882149803,44553.2822108385,38615.9951849093,40105.6133867135,42849.426324701,42949.9305849512,42084.3533748088,..
GDP per capita (current US$),NY.GDP.PCAP.CD,Nicaragua,NIC,241.87647004145,1007.50142861723,1655.80182373144,1760.45438654986,1811.63919333528,1934.06950834664,2049.84968976149,2107.56717992428,2159.16307935984,2020.54702818624,1912.90374537869,..
GDP per capita (current US$),NY.GDP.PCAP.CD,Niger,NER,440.577479000427,197.524462944643,508.396568098584,526.35096555995,548.892954823143,562.121844645643,483.339282202639,494.718713458115,516.888247180949,571.526992228733,554.600968697425,..
GDP per capita (current US$),NY.GDP.PCAP.CD,Nigeria,NGA,567.528672858345,567.930736009565,2520.40416579378,2746.99178858383,2998.07284264118,3222.69353725587,2730.4303237015,2175.99967021858,1968.55958830544,2032.72970882575,2229.85869624463,..
GDP per capita (current US$),NY.GDP.PCAP.CD,North Macedonia,MKD,2354.26346244494,1854.14595610107,5063.78698606358,4698.14129350594,5210.67583028154,5468.48086914212,4840.27312286783,5129.15896023703,5430.87421029797,6062.94260420864,6093.14769049676,..
GDP per capita (current US$),NY.GDP.PCAP.CD,Northern Mariana Islands,MNP,..,..,13571.0582833444,13827.7696967465,14274.2406542056,15278.9078745141,16690.5700968089,22246.7430768136,28305.222587603,23258.6758552794,..,..
GDP per capita (current US$),NY.GDP.PCAP.CD,Norway,NOR,28242.943738533,38131.4606116242,100600.562407589,101524.141851985,102913.450843674,97019.1827527462,74355.5158575643,70459.1825041029,75496.7540581998,81734.4655736102,75419.6348688089,..
GDP per capita (current US$),NY.GDP.PCAP.CD,Oman,OMN,6448.12768493202,8601.25416998664,20921.1459820841,21902.5813563661,20926.5540495711,20131.9167222582,16028.7513645532,14618.8753761098,15130.9437443942,16414.8880173692,15474.0324753635,..
GDP per capita (current US$),NY.GDP.PCAP.CD,Pakistan,PAK,371.678557270582,576.195600593124,1164.97612914872,1198.10900052752,1208.90431029644,1251.16410422834,1356.66775582649,1368.45432627629,1464.99330546855,1482.30566684338,1284.70204090039,..
GDP per capita (current US$),NY.GDP.PCAP.CD,Palau,PLW,..,7647.92986129286,10884.4125105664,11967.3072562358,12688.1972054981,13794.7917848633,15871.8426266629,16932.3328631876,16078.2681940701,15859.4348578768,..,..
GDP per capita (current US$),NY.GDP.PCAP.CD,Panama,PAN,2603.84662236786,4060.32449292618,9358.25147451101,10722.2836326295,11889.1276274385,12796.0700430496,13630.3079737945,14343.9636291397,15150.345612161,15592.573678922,15731.0160348471,..
GDP per capita (current US$),NY.GDP.PCAP.CD,Papua New Guinea,PNG,697.539572978224,602.186902266008,2406.90967879579,2790.67666914736,2729.89190578265,2920.78372080202,2679.34558781427,2509.6314572831,2695.2518833116,2720.3852453824,2845.18018574842,..
GDP per capita (current US$),NY.GDP.PCAP.CD,Paraguay,PRY,1376.16467314413,1663.60525171951,5322.96375987671,5183.08287691315,5926.83286284344,6102.94323272326,5406.70385708338,5319.41021789703,5680.58076826353,5805.67561638869,5414.79913793258,..
GDP per capita (current US$),NY.GDP.PCAP.CD,Peru,PER,1196.58685819634,1955.58800627896,5869.32307961474,6528.97221785312,6756.75276926556,6672.8802554854,6229.10169612596,6204.99726003927,6710.50802896038,6941.23584763012,6977.69578355382,..
GDP per capita (current US$),NY.GDP.PCAP.CD,Philippines,PHL,715.913712086446,1072.80906433929,2450.73365615789,2694.30547297894,2871.43090178415,2959.64845212051,3001.04037106857,3073.65361496958,3123.23422944951,3252.09232412664,3485.08421836621,..
GDP per capita (current US$),NY.GDP.PCAP.CD,Poland,POL,1731.20953112388,4492.72760355938,13893.509259001,13145.5392627865,13781.0626053813,14347.9145754456,12572.4266045561,12431.8158916231,13861.3093648235,15460.6442805468,15595.2270334259,..
GDP per capita (current US$),NY.GDP.PCAP.CD,Portugal,PRT,7884.61794530424,11497.7534604525,23186.9131283278,20564.8898617969,21647.0418118869,22074.3007634216,19242.3664710981,19978.401214968,21490.429863104,23461.5718628115,23145.0408172828,..
GDP per capita (current US$),NY.GDP.PCAP.CD,Puerto Rico,PRI,8652.50749222505,16192.1269719638,27278.8830499205,27944.7338937424,28513.1657351067,28981.4573305866,29763.4883013861,30627.1634017011,31108.7527508912,31621.8934700005,32873.7192730424,..
GDP per capita (current US$),NY.GDP.PCAP.CD,Qatar,QAT,15454.0823281296,29976.117039047,82409.5803345471,85076.1479273998,85050.9109716822,83858.5283798723,63039.0165548075,57163.0609918357,61264.3964777979,68793.7844372614,64781.7331974169,..
GDP per capita (current US$),NY.GDP.PCAP.CD,Romania,ROU,1680.70562287227,1659.90763954548,9104.99562203019,8535.0468756267,9555.2442173314,10026.9735781794,8977.43738227167,9567.12934484744,10807.7953907179,12408.5964891293,12919.5296441908,..
GDP per capita (current US$),NY.GDP.PCAP.CD,Russian Federation,RUS,3492.7103142473,1771.59405905827,14311.0843159612,15420.8745413273,15974.6446270517,14095.648742954,9313.01362484996,8704.89841329594,10720.3325853448,11370.8134559314,11584.9953826104,..
GDP per capita (current US$),NY.GDP.PCAP.CD,Rwanda,RWA,349.873357553015,218.680162740555,671.509939994776,728.697297125371,726.180156859823,747.000511564279,754.906789007641,748.504418148739,772.318471775428,782.618140904879,801.656186978807,..
GDP per capita (current US$),NY.GDP.PCAP.CD,Samoa,WSM,772.505849126603,1542.06673580116,3933.45935710691,4022.19911964814,4037.50931467981,3937.75871176418,4073.66600980642,4109.16513496372,4258.48626965259,4183.40803207908,4315.92067469565,..
GDP per capita (current US$),NY.GDP.PCAP.CD,San Marino,SMR,..,36601.8275523984,57286.6550002958,49985.349570181,51572.5681707239,50806.5343783866,42650.3172583365,43842.3855205602,45394.2010273704,48481.0133042107,..,..
GDP per capita (current US$),NY.GDP.PCAP.CD,Sao Tome and Principe,STP,..,..,1263.86802227704,1340.52770210677,1577.01827831712,1782.79805936252,1595.86463222251,1710.13089783903,1811.0128258881,2001.1369778051,1994.90646719089,..
GDP per capita (current US$),NY.GDP.PCAP.CD,Saudi Arabia,SAU,7246.01636663312,9171.33014480091,23745.8016143404,25243.3586984024,24844.7443709487,24463.9031638501,20627.9327820675,19879.2975304177,20803.7425657324,23338.9634581127,23139.7986561214,..
GDP per capita (current US$),NY.GDP.PCAP.CD,Senegal,SEN,961.573946470954,604.654066013211,1373.52078902067,1329.98137880303,1376.06981577192,1396.65822533925,1219.24866243037,1269.90210810516,1361.69958778497,1465.59100640191,1446.83096499408,..
GDP per capita (current US$),NY.GDP.PCAP.CD,Serbia,SRB,..,914.785509260555,6809.15980400146,6015.94522756969,6755.07351070594,6600.0566499116,5585.1178082606,5756.38119351044,6284.19280376523,7246.19198607054,7402.35455862041,..
GDP per capita (current US$),NY.GDP.PCAP.CD,Seychelles,SYC,5302.84372714197,7578.85105298846,12189.0951601357,12006.68296237,14765.6739800428,14700.3343006837,14745.3414415607,15068.620324642,15906.0839204787,16390.824875738,17401.7215135612,..
GDP per capita (current US$),NY.GDP.PCAP.CD,Sierra Leone,SLE,150.389032266233,138.698692243778,448.337525527861,566.378656937493,716.835304734774,714.700712388696,588.228452702849,501.415712857832,499.38070781976,533.991184258936,504.46254336648,..
GDP per capita (current US$),NY.GDP.PCAP.CD,Singapore,SGP,11861.7561591366,23852.3270285975,53890.4287270504,55546.4885386921,56967.4257940383,57562.5307937678,55646.6187469505,56828.2953471601,60913.745333494,66188.7793961798,65233.2824392302,..
GDP per capita (current US$),NY.GDP.PCAP.CD,Sint Maarten (Dutch part),SXM,..,..,..,..,..,..,..,..,..,..,..,..
GDP per capita (current US$),NY.GDP.PCAP.CD,Slovak Republic,SVK,2405.53513644795,5413.15062068807,18338.3622288437,17460.0468093549,18236.9807888867,18670.9301711227,16309.073235592,16505.9750465561,17554.3083210444,19428.1162135733,19329.0968007902,..
GDP per capita (current US$),NY.GDP.PCAP.CD,Slovenia,SVN,9107.47707941181,10201.3035366727,25095.1326282071,22643.1002515007,23496.6023059673,24214.9220717273,20881.7667686947,21622.580683576,23500.7522308704,26054.5421049784,25739.2478143246,..
GDP per capita (current US$),NY.GDP.PCAP.CD,Solomon Islands,SLB,970.016054620333,1054.38824573508,1722.41812107591,1913.23201256373,1977.45140452319,1996.78118438995,1914.46792975705,1986.41623627442,2059.04542370076,2137.69070046201,2127.53850760272,..
GDP per capita (current US$),NY.GDP.PCAP.CD,Somalia,SOM,126.924920542559,..,..,..,..,..,..,..,..,..,..,..
GDP per capita (current US$),NY.GDP.PCAP.CD,South Africa,ZAF,3139.96605414997,3032.42713820462,8007.41284634441,7501.4699839525,6832.45689096701,6433.18727662894,5734.63362915331,5272.91842475419,6132.4798409721,6374.02819575944,6001.40081394888,..
GDP per capita (current US$),NY.GDP.PCAP.CD,South Sudan,SSD,..,..,1516.40391483427,1179.73982772896,1779.4693342398,1322.8202385055,1119.65133267823,..,..,..,..,..
GDP per capita (current US$),NY.GDP.PCAP.CD,Spain,ESP,13804.8768037932,14713.0657111519,31636.4463142558,28324.4293363918,29059.5479522321,29461.5503337389,25732.0183647454,26505.3432155204,28170.4345659807,30337.6791331632,29613.6711379783,..
GDP per capita (current US$),NY.GDP.PCAP.CD,Sri Lanka,LKA,463.618631805931,869.696516609157,3200.83382914016,3350.52187589289,3610.28936304898,3819.25352972265,3843.78067184442,3886.29150165239,4077.04372120747,4080.56712469552,3853.08369288942,..
GDP per capita (current US$),NY.GDP.PCAP.CD,St. Kitts and Nevis,KNA,5396.53016164777,9836.19556760016,16538.1714353341,16044.7054788266,16684.9530184254,18052.0359647472,18029.3255386512,18811.8733745852,19155.2894041125,19275.2772604415,19896.4957043824,..
GDP per capita (current US$),NY.GDP.PCAP.CD,St. Lucia,LCA,4199.60606890037,5950.35119596624,8983.4366734688,9086.79946207544,9378.56236298604,9843.91581872176,10093.8997626748,10361.8141037985,11047.4449858109,11357.8890096382,11611.4154473966,..
GDP per capita (current US$),NY.GDP.PCAP.CD,St. Martin (French part),MAF,..,..,..,..,..,..,..,..,..,..,..,..
GDP per capita (current US$),NY.GDP.PCAP.CD,St. Vincent and the Grenadines,VCT,2236.28877407421,3676.43964197256,6242.19533244977,6390.31063156115,6639.60714595024,6684.80736732912,6920.87807380804,7075.06582034944,7212.96018080962,7361.4009618002,7463.53783093423,..
GDP per capita (current US$),NY.GDP.PCAP.CD,Sudan,SDN,483.952592007859,366.172807593807,1437.7732945888,1457.89458202637,1557.22831003842,1709.99960541964,1909.73875450207,1299.26119456743,1111.86844893858,623.867252394076,441.505603374484,..
GDP per capita (current US$),NY.GDP.PCAP.CD,Suriname,SUR,958.614698100541,2012.26028656387,8263.17292305383,9201.00878530056,9402.23313695562,9472.00759951427,8561.97417855142,5539.06887190094,5626.79581590317,6003.723065571,6854.90656148409,..
GDP per capita (current US$),NY.GDP.PCAP.CD,Sweden,SWE,30593.6724487241,29624.9126748618,60755.7595508465,58037.8213192173,61126.9431963979,60020.3604576572,51545.4836095322,51965.1571531985,53791.5087298403,54589.0603860606,51610.0660552202,..
GDP per capita (current US$),NY.GDP.PCAP.CD,Switzerland,CHE,38428.3855023167,37868.3230595798,88415.6280609527,83538.2300783858,85112.4643984141,86605.5633762421,82081.5971239792,80172.2320747951,80449.9945608366,82818.1081617471,81993.7271494202,..
GDP per capita (current US$),NY.GDP.PCAP.CD,Syrian Arab Republic,SYR,988.94867216421,1177.62926773348,..,..,..,..,..,..,..,..,..,..
GDP per capita (current US$),NY.GDP.PCAP.CD,Tajikistan,TJK,497.632026083843,138.428879512683,847.382101810518,969.296473144289,1048.22729256115,1104.17168941376,929.095857223746,802.518004052824,806.041573098044,826.621530538704,870.787589323223,..
GDP per capita (current US$),NY.GDP.PCAP.CD,Tanzania,TZA,173.790639184874,410.952327593101,781.437014324276,867.867680563228,970.416938425046,1030.09291747653,947.933446487903,966.474622354379,1004.84112066441,1060.99461489421,1122.12181047515,..
GDP per capita (current US$),NY.GDP.PCAP.CD,Thailand,THA,1508.94273670514,2007.73517506683,5492.12125590558,5860.58250725599,6168.26298501219,5951.88370233604,5840.04652294326,5994.23147547156,6592.91490169864,7295.47561612095,7808.19291629949,..
GDP per capita (current US$),NY.GDP.PCAP.CD,Timor-Leste,TLS,..,415.083478663174,947.513730419925,1013.05045122024,1210.03329624593,1232.45683164031,1334.6619555193,1358.20169150129,1294.71553448905,1237.10268208254,1294.18893388776,..
GDP per capita (current US$),NY.GDP.PCAP.CD,Togo,TGO,431.450159769201,302.206394294343,587.097136792467,571.806723944167,621.398853574683,640.934219628827,570.910279013434,597.471088804109,626.09152789111,678.95563806112,675.542213340634,..
GDP per capita (current US$),NY.GDP.PCAP.CD,Tonga,TON,1194.54103416891,2065.50266053231,4084.6241317437,4597.74230534531,4428.56648134984,4393.9408110033,4320.63799011384,3966.15652021899,4217.47650679527,4364.0155613495,..,..
GDP per capita (current US$),NY.GDP.PCAP.CD,Trinidad and Tobago,TTO,4150.30185502442,6435.16468252829,19034.1491966652,19157.4170366712,20143.6644489582,20270.8593716518,18289.704340369,16176.9473700573,16238.1931916674,17129.9130902577,17276.4654468225,..
GDP per capita (current US$),NY.GDP.PCAP.CD,Tunisia,TUN,1491.12212876029,2211.82681728547,4264.67494604737,4152.67858707583,4222.70324540611,4305.47416504834,3861.68853113497,3697.93083126064,3481.22873876516,3438.78908914627,3317.54101348345,..
GDP per capita (current US$),NY.GDP.PCAP.CD,Turkey,TUR,2794.35039016178,4316.54890677774,11335.5105095101,11707.2597121001,12519.3914258819,12095.8545718135,10948.7246069027,10820.6338422108,10513.6484324378,9370.1763549731,9042.49298288882,..
GDP per capita (current US$),NY.GDP.PCAP.CD,Turkmenistan,TKM,865.789417037966,643.174725992465,5649.95227819669,6675.18565772239,7304.28713230982,7962.23909840679,6432.68070195019,6389.54840833488,6587.09031628698,6966.63541063077,..,..
GDP per capita (current US$),NY.GDP.PCAP.CD,Turks and Caicos Islands,TCA,..,..,21835.0831410852,21009.8858098984,21328.9790101062,23296.3369051995,24832.5963703066,25995.1724609535,25933.6074363465,27142.2277976902,..,..
GDP per capita (current US$),NY.GDP.PCAP.CD,Tuvalu,TUV,990.064819950998,1462.85469981826,3640.72324004977,3507.94065504737,3454.82869218249,3398.70648337631,3197.77225194394,3255.92869342584,3572.49357894833,3700.74426252192,4059.02999569444,..
GDP per capita (current US$),NY.GDP.PCAP.CD,Uganda,UGA,248.029367198959,261.868997701026,825.838435186254,783.717921018288,803.509373918698,876.354300461581,840.401571455767,730.625040496247,747.196907377979,767.097759575903,776.768575885308,..
GDP per capita (current US$),NY.GDP.PCAP.CD,Ukraine,UKR,1569.75758369404,635.700535075575,3569.75812083898,3855.41772856732,4029.71125162545,3104.64320609541,2124.6623187838,2187.73050991433,2640.67567655839,3096.81740221352,3659.03131229487,..
GDP per capita (current US$),NY.GDP.PCAP.CD,United Arab Emirates,ARE,27729.4664216648,33291.419366353,39194.6766208456,40976.4997112455,42412.6302780364,43751.8388860721,38663.3838066363,38141.8467585492,40644.804043392,43839.3563491413,43103.3230583165,..
GDP per capita (current US$),NY.GDP.PCAP.CD,United Kingdom,GBR,19095.4669984608,28149.8700107891,42038.572250193,42462.771568145,43444.533001954,47425.6076805194,44974.8318771782,41064.1334316223,40361.4173832159,43043.2278164551,42300.267125825,..
GDP per capita (current US$),NY.GDP.PCAP.CD,United States,USA,23888.6000088133,36334.9087770589,49886.8181094923,51610.6052783379,53117.6678308301,55047.7255604544,56822.5188202456,57927.5168515062,59957.7258513032,62840.0202387954,65118.3583328163,..
GDP per capita (current US$),NY.GDP.PCAP.CD,Uruguay,URY,2990.3642477705,6875.02132755276,14236.681188686,15171.5846634188,16973.6742130217,16831.9729440778,15613.7642726429,15387.1440299446,17322.1473891166,17277.9701101852,16190.1269572827,..
GDP per capita (current US$),NY.GDP.PCAP.CD,Uzbekistan,UZB,651.419206137363,558.226802377,1926.29299673401,2137.025122118,2281.41097296841,2492.33664277468,2615.025134487,2567.79920656883,1826.56691924216,1529.08286351335,1724.8411344137,..
GDP per capita (current US$),NY.GDP.PCAP.CD,Vanuatu,VUT,1080.67245018643,1470.57226526613,3264.5370165591,3133.09020920348,3124.23307756588,3088.25830265504,2801.93984778858,2889.85303623403,3082.35632289041,3095.70215584493,3058.0656752208,..
GDP per capita (current US$),NY.GDP.PCAP.CD,"Venezuela, RB",VEN,2475.38047254573,4842.03720158812,10955.3499126366,12985.5053251065,12456.7124535391,16054.4905130962,..,..,..,..,..,..
GDP per capita (current US$),NY.GDP.PCAP.CD,Vietnam,VNM,95.1882501808876,390.093326052633,1525.11598800104,1735.14127643805,1886.67189633671,2030.26195473318,2085.10148409879,2192.21453866566,2365.62166567374,2566.59694958511,2715.27603640721,..
GDP per capita (current US$),NY.GDP.PCAP.CD,Virgin Islands (U.S.),VIR,..,..,39144.1657740184,37849.7287205036,34819.1477546185,33573.0970301435,34797.14046978,35931.5412519766,35938.0243875154,..,..,..
GDP per capita (current US$),NY.GDP.PCAP.CD,West Bank and Gaza,PSE,..,1476.17185000238,2695.19385339015,2834.02152463393,3060.3123893102,3046.82179844817,2967.85174651975,3074.29115236515,3254.48588658763,3198.86664447405,..,..
GDP per capita (current US$),NY.GDP.PCAP.CD,"Yemen, Rep.",YEM,482.247874017314,554.448633427793,1374.62128512758,1446.53635351496,1607.15236498904,1673.14635369478,1395.43963317477,1033.73304347934,882.395758510966,968.159047582999,..,..
GDP per capita (current US$),NY.GDP.PCAP.CD,Zambia,ZMB,408.769534724677,345.689554372848,1672.90825103652,1763.07273337195,1878.90700132351,1763.05729765435,1337.79611014087,1280.57889834732,1534.86537052245,1556.33448154128,1291.34335737364,..
GDP per capita (current US$),NY.GDP.PCAP.CD,Zimbabwe,ZWE,841.972989778691,563.057741053574,1093.65400227511,1304.96980167411,1430.00081795572,1434.89934002278,1445.07106198798,1464.58352903946,1548.17005572552,1683.74057709465,1463.98591018054,..
GDP per capita (current US$),NY.GDP.PCAP.CD,Arab World,ARB,2009.42034941289,2606.07658208891,6867.69204656405,7465.15165094558,7519.80825984063,7457.46110932925,6387.66061493825,6097.23902538074,6102.21106679858,6603.35119013708,6580.05625672999,..
GDP per capita (current US$),NY.GDP.PCAP.CD,Caribbean small states,CSS,2997.32438955762,5252.80973469214,9762.0534629369,10017.3835886664,10140.1659423388,10202.2747658002,9939.80120602741,9384.91452359793,9557.51749317694,9982.26808917155,10307.5862807881,..
GDP per capita (current US$),NY.GDP.PCAP.CD,Central Europe and the Baltics,CEB,2370.22230884992,3942.43817976836,13889.3857774639,13015.8287162841,13718.0977494553,14161.90730278,12493.7138218191,12792.5141152591,14198.129857177,15966.6683367845,16184.332008629,..
GDP per capita (current US$),NY.GDP.PCAP.CD,Early-demographic dividend,EAR,896.596766673961,1336.99930377226,3252.8883056719,3362.38279072181,3373.30668044576,3444.08795085167,3297.40525634055,3328.52405517429,3548.28805066882,3582.00222702088,3641.49428094104,..
GDP per capita (current US$),NY.GDP.PCAP.CD,East Asia & Pacific,EAS,2599.11865356222,4052.34337859088,8861.4584655038,9420.49788165368,9466.23545167095,9703.28402570888,9598.27855497314,9857.98086489345,10467.7021916107,11316.7604501843,11526.7364862403,..
GDP per capita (current US$),NY.GDP.PCAP.CD,East Asia & Pacific (excluding high income),EAP,413.013585898094,956.67209808772,4858.58187445479,5378.84238954117,5891.45776577729,6306.32841414278,6522.67436374416,6612.24847115179,7173.39830759622,7971.13751452149,8222.07772991917,..
GDP per capita (current US$),NY.GDP.PCAP.CD,East Asia & Pacific (IDA & IBRD countries),TEA,417.448086161578,966.926426652184,4910.47877499328,5436.16037805804,5954.10667877778,6373.23857685174,6591.70467144063,6682.04869854955,7248.93113112798,8054.88978500165,8308.33436297408,..
GDP per capita (current US$),NY.GDP.PCAP.CD,Euro area,EMU,18900.3666638708,20165.7805301343,40613.8742750705,37598.0422605764,39102.9130889748,39857.2917635599,34381.5547912416,35142.3154719071,37095.1202703313,39965.8403338731,38925.6651077079,..
GDP per capita (current US$),NY.GDP.PCAP.CD,Europe & Central Asia,ECS,10520.672190743,11645.9747322513,26109.2590137749,25068.3281202146,26071.8520582126,26301.0829908345,22551.6008910796,22371.6823872914,23597.42400545,25171.425966277,24696.3396075804,..
GDP per capita (current US$),NY.GDP.PCAP.CD,Europe & Central Asia (excluding high income),ECA,2475.48005214443,1790.95485781846,9611.53680415616,10189.2239751585,10729.4077397626,9897.82794207497,7461.21170155524,7043.48134673804,7863.6790493156,8013.86070821048,8110.72144821906,..
GDP per capita (current US$),NY.GDP.PCAP.CD,Europe & Central Asia (IDA & IBRD countries),TEC,2388.68311370491,2053.64913305839,10004.5981939929,10396.818359533,10964.1524092472,10314.4807744761,7997.06760260123,7651.57831332526,8538.35694285658,8877.96559484033,8988.9280496624,..
GDP per capita (current US$),NY.GDP.PCAP.CD,European Union,EUU,15459.3587804542,16908.7231890583,35716.273662884,33158.7914088519,34564.1125052742,35243.2073712896,30473.7402563699,31162.6963930937,33029.9879503522,35659.75714691,34843.297471632,..
GDP per capita (current US$),NY.GDP.PCAP.CD,Fragile and conflict affected situations,FCS,667.310038990391,810.547923170396,2186.9711548558,2457.00032221668,2523.04276278452,2710.81219285541,2341.68650863862,2049.27473030114,2030.05691862279,2148.37917410722,2190.31162605328,..
GDP per capita (current US$),NY.GDP.PCAP.CD,Heavily indebted poor countries (HIPC),HPC,389.367938049561,351.604406607188,840.10374686218,862.617916300708,937.580760789698,962.929220466643,927.484595463214,897.493255355095,929.410711342351,955.518907332905,947.061233586925,..
GDP per capita (current US$),NY.GDP.PCAP.CD,High income,HIC,18440.171274585,25102.8769575263,41536.1827076963,41343.838833113,41628.4805545483,42293.5445119279,39730.9195530976,40332.2633871007,41971.2373450864,44351.039059563,44540.3940855154,..
GDP per capita (current US$),NY.GDP.PCAP.CD,IBRD only,IBD,995.737672366446,1457.24253966497,5287.11310838397,5566.7959815895,5823.53208302828,5965.91314534739,5581.20551384289,5571.60102665915,6091.70977670783,6451.68568201707,6564.92014731271,..
GDP per capita (current US$),NY.GDP.PCAP.CD,IDA & IBRD total,IBT,881.766268401769,1239.24853536788,4311.53819013222,4528.97227389441,4736.5284972461,4851.42461790789,4537.97692824524,4503.14517758389,4885.47424281036,5153.20210555709,5227.75905922735,..
GDP per capita (current US$),NY.GDP.PCAP.CD,IDA blend,IDB,521.136817848006,572.558467316268,1730.32671096307,1859.43827902544,1977.51020180061,2105.04177801938,1957.86344151847,1771.73912815028,1714.46986572736,1753.09130179051,1762.41115437295,..
GDP per capita (current US$),NY.GDP.PCAP.CD,IDA only,IDX,354.210656056819,364.207868657248,911.416818978464,933.773107165521,1019.86624976663,1066.54824046642,1066.1569440534,1057.25582367529,1110.35579689092,1162.75026642006,1185.84185873965,..
GDP per capita (current US$),NY.GDP.PCAP.CD,IDA total,IDA,410.896708672611,435.330957339928,1190.50701289103,1250.49823115765,1347.43393016658,1422.52551535685,1370.73525008276,1299.26767391327,1312.72588848293,1359.69623307619,1377.49082047327,..
GDP per capita (current US$),NY.GDP.PCAP.CD,Late-demographic dividend,LTE,1100.5811753556,1663.8119674184,7502.03059794594,7978.58535550333,8548.15962878764,8818.86979587623,8218.38497234967,8187.21315976328,9031.340768891,9840.78199770609,10000.4820064391,..
GDP per capita (current US$),NY.GDP.PCAP.CD,Latin America & Caribbean,LCN,2669.45575321962,4394.93360068388,10193.8572444798,10186.9594620423,10326.1343581426,10417.3537399993,8870.63068044006,8577.35872648418,9432.97118520624,9081.19452696958,8847.43187038476,..
GDP per capita (current US$),NY.GDP.PCAP.CD,Latin America & Caribbean (excluding high income),LAC,2596.73152149678,4224.62111317886,9870.70609637354,9825.14345387872,9936.31676664428,10062.2692262246,8461.07739077446,8142.77002403826,8990.52450414889,8583.06800249045,8368.44639140975,..
GDP per capita (current US$),NY.GDP.PCAP.CD,Latin America & the Caribbean (IDA & IBRD countries),TLA,2599.22433683739,4306.50131077108,10128.6322412566,10111.7580718897,10247.2140185891,10334.4306676485,8728.07016006564,8417.02746729084,9288.19957715145,8924.13335106833,8681.19668598354,..
GDP per capita (current US$),NY.GDP.PCAP.CD,Least developed countries: UN classification,LDC,324.76540354758,328.249891966969,903.509771997155,935.481980910771,997.209315594878,1053.02861549846,1014.38037293746,978.741307534202,1041.22827629761,1056.78618652863,1069.6816991512,..
GDP per capita (current US$),NY.GDP.PCAP.CD,Low & middle income,LMY,859.238989714498,1188.61119806095,4167.71089578689,4393.63288988887,4593.90058862244,4709.48356996713,4415.52291117125,4380.32809255942,4749.35641598002,5001.97002596974,5080.3654962737,..
GDP per capita (current US$),NY.GDP.PCAP.CD,Low income,LIC,360.09693108583,323.887786685033,773.242181221052,790.496390692704,845.740512419538,883.969991856531,860.568620585368,774.507273531087,779.608317856324,781.532781919437,779.818941161527,..
GDP per capita (current US$),NY.GDP.PCAP.CD,Lower middle income,LMC,493.687686517669,565.86312164172,1709.88416598629,1775.62425488896,1843.33214328832,1935.2398738515,1886.7258935167,1920.04768626716,2034.89358089237,2090.13010911588,2176.55822653246,..
GDP per capita (current US$),NY.GDP.PCAP.CD,Middle East & North Africa,MEA,2166.4652021909,3066.34666961379,8324.98447325251,8894.86157872712,8652.3475823771,8537.2588240188,7371.99833537827,7265.22114570915,7411.42312942984,8049.97955098301,8104.50188772468,..
GDP per capita (current US$),NY.GDP.PCAP.CD,Middle East & North Africa (excluding high income),MNA,..,1617.71192178714,4621.78958804168,5011.26830580966,4605.55067242475,4466.55648527284,3944.3492513893,3928.79258761764,3793.93201839617,..,..,..
GDP per capita (current US$),NY.GDP.PCAP.CD,Middle East & North Africa (IDA & IBRD countries),TMN,..,1619.03287473603,4644.13050425264,5036.72083221306,4623.47967975874,4483.0610397424,3955.55505989437,3938.53331081404,3799.78729071694,..,..,..
GDP per capita (current US$),NY.GDP.PCAP.CD,Middle income,MIC,899.004877800994,1264.56702620292,4517.71460820642,4770.00524510208,4991.39048128663,5121.33079419836,4804.48157801524,4778.76282254341,5193.16390044498,5480.3092148448,5575.44091508914,..
GDP per capita (current US$),NY.GDP.PCAP.CD,North America,NAC,23645.6143148159,35147.8765944311,50111.9822964196,51723.2256622493,53077.2420776928,54637.8325905317,55502.6914987937,56364.855162767,58467.9738138988,61163.8387741408,63181.7957557198,..
GDP per capita (current US$),NY.GDP.PCAP.CD,Not classified,INX,..,..,..,..,..,..,..,..,..,..,..,..
GDP per capita (current US$),NY.GDP.PCAP.CD,OECD members,OED,17001.6710410448,22976.9168598402,37434.5200220514,37184.8134999025,37447.5045647114,37980.4861126146,35605.2391932836,36030.9131925758,37370.0489908713,39261.4095108163,39399.0492287395,..
GDP per capita (current US$),NY.GDP.PCAP.CD,Other small states,OSS,3139.304257816,4363.71197646032,14891.4121127329,15211.5769773084,15541.8964812381,15741.3397887968,12793.9310514073,12385.063691733,13404.4097361322,14632.3985928237,13981.5837843025,..
GDP per capita (current US$),NY.GDP.PCAP.CD,Pacific island small states,PSS,1435.46285028619,1765.11409929919,3401.31860974582,3568.80296036922,3654.82660315204,3919.67305283497,3776.19942145241,3899.58062674065,4132.18527007284,4223.95841619381,4192.97376136243,..
GDP per capita (current US$),NY.GDP.PCAP.CD,Post-demographic dividend,PST,19050.7986644625,25755.2405687832,42364.2257585388,42149.3538180757,42388.8578810151,43064.3204187252,40584.2609627683,41289.5814414088,42879.591169801,45243.533434324,45530.2481525471,..
GDP per capita (current US$),NY.GDP.PCAP.CD,Pre-demographic dividend,PRE,477.108891146137,442.738651865496,1575.22106561097,1678.43249469713,1791.26548997004,1856.52600548538,1589.45339244249,1398.96941473081,1414.80084279035,1449.03451071747,1472.38540164517,..
GDP per capita (current US$),NY.GDP.PCAP.CD,Small states,SST,2986.76509949898,4386.87577185771,13171.1359583868,13484.6668560084,13774.4921831261,13965.96172728,11707.5184818596,11311.7329004564,12135.8377896016,13158.7022004688,12730.944488417,..
GDP per capita (current US$),NY.GDP.PCAP.CD,South Asia,SAS,359.24247379048,453.237604423192,1367.31313793749,1364.41640319999,1381.85662659774,1494.42076537038,1541.80368581438,1651.08946256258,1866.88606656608,1899.60923323667,1959.91716548699,..
GDP per capita (current US$),NY.GDP.PCAP.CD,South Asia (IDA & IBRD),TSA,359.24247379048,453.237604423192,1367.31313793749,1364.41640319999,1381.85662659774,1494.42076537038,1541.80368581438,1651.08946256258,1866.88606656608,1899.60923323667,1959.91716548699,..
GDP per capita (current US$),NY.GDP.PCAP.CD,Sub-Saharan Africa,SSF,667.826094017402,601.063872141829,1745.44305673761,1781.43313604747,1849.69360950361,1885.47256318323,1673.44929052822,1504.23840871572,1560.8873467415,1589.42515617081,1585.43646774798,..
GDP per capita (current US$),NY.GDP.PCAP.CD,Sub-Saharan Africa (excluding high income),SSA,663.3773532137,594.230298719845,1733.95578110555,1770.1596372002,1838.05574353651,1873.49181691514,1662.58802761865,1492.85111898339,1548.8015400679,1576.77661522188,1573.01368789166,..
GDP per capita (current US$),NY.GDP.PCAP.CD,Sub-Saharan Africa (IDA & IBRD countries),TSS,667.826094017401,601.063872141828,1745.44305673761,1781.43313604747,1849.69360950361,1885.47256318323,1673.44929052822,1504.23840871572,1560.88734674149,1589.42515617081,1585.43646774798,..
GDP per capita (current US$),NY.GDP.PCAP.CD,Upper middle income,UMC,1225.70230640857,1878.12447618624,7225.17222917182,7678.0963450404,8070.06290272001,8258.43775067412,7695.50393893236,7629.40685561866,8364.7704248503,8911.91151883684,9040.04578167003,..
GDP per capita (current US$),NY.GDP.PCAP.CD,World,WLD,4285.23527053522,5498.32970525151,10488.3340155715,10605.2083219604,10781.8553053719,10952.3444187853,10246.5073623909,10281.9087997747,10817.4819474952,11374.8467633071,11428.5698505811,..
,,,,,,,,,,,,,,,
,,,,,,,,,,,,,,,
,,,,,,,,,,,,,,,
Data from database: World Development Indicators,,,,,,,,,,,,,,,
Last Updated: 09/16/2020,,,,,,,,,,,,,,,
